"","Gene","baseMean","log2FoldChange","lfcMLE","lfcSE","stat","pvalue","weight","padj","FoldChange"
"1","GNB5",3335.0557511309,3.47451067042441,3.48051871572466,0.0999453921776517,34.7640906170892,8.48966346343396e-265,0.847542069651867,0.0029790058095933,11.1155749672999
"2","CADM1",5617.32361703694,4.45069122193511,4.46640418667566,0.137549238311377,32.3570764663913,1.10319511037799e-229,0.847542069651867,0.00790149017068546,21.8671185404325
"3","FAXC",353.103672521415,4.26115933390252,4.28421487894194,0.132611206556681,32.132724258724,1.53974125239773e-226,0.809332939322038,0.00790149017068546,19.1750619537179
"4","LRRC49",693.742803305583,2.66704688143731,2.67052377307807,0.0852524362432856,31.2841133809517,7.6752360211018e-215,0.820760162425298,0.00790149017068546,6.35127783354817
"5","KCNAB3",555.525349247639,4.61436562298233,4.62904174951901,0.147533804152198,31.2766667239331,9.69074162871084e-215,0.847542069651867,0.00790149017068546,24.4941550975729
"6","CAMTA1",2041.3939721282,2.95434583268951,2.95725946088857,0.0950436116532193,31.084107403966,3.94975220477037e-212,0.820760162425298,0.00790149017068546,7.75080325908393
"7","NAPB",3889.46946642523,4.21782332019633,4.22034864450197,0.135771510589017,31.0655991223649,7.02439685673767e-212,0.820760162425298,0.00790149017068546,18.6076417383731
"8","GPRIN1",484.810531280718,4.89696040834645,4.9346772850494,0.158840057933667,30.8295053026954,1.05462770575209e-208,0.812805797645415,0.00790149017068546,29.7942165853391
"9","CRMP1",3193.72761868353,4.34402826394914,4.36143658338296,0.142780535115033,30.4245131204286,2.60428238951851e-203,0.812805797645415,0.00790149017068546,20.3087320423458
"10","PGBD5",483.425368259028,4.15858424792202,4.16576700117978,0.136952033843412,30.36526096923,1.58008671381785e-202,0.848057361081753,0.00800795578120625,17.8590600729334
"11","CDS1",618.007849683726,3.81182545444586,3.81886914692986,0.125716294509354,30.3208543436845,6.08832407427226e-202,0.847542069651867,0.00800795578120625,14.043449601562
"12","ANK2",6711.87618210976,3.71069543540317,3.71571101538684,0.122431426707478,30.3083573817124,8.89620407559351e-202,0.848057361081753,0.00790149017068546,13.0927426297724
"13","STK35",6422.49349586806,4.27302281044112,4.28886193930813,0.141322577270462,30.2359530442433,7.98257878984922e-201,0.812805797645415,0.00790149017068546,19.3333911719341
"14","RIMKLA",877.482550159669,5.01776095973085,5.02940847015639,0.166281570011033,30.176290489667,4.84923852182921e-200,0.847542069651867,0.00800795578120625,32.3963856304933
"15","AGAP1",3943.26855230358,4.29622734953402,4.31295494753385,0.142471098827584,30.1550797662708,9.20143356260509e-200,0.812805797645415,0.00790149017068546,19.6468667833789
"16","WHSC1",2139.74798309968,2.39749174145952,2.40422429324227,0.0799667295623407,29.9811153286002,1.73006099553478e-197,0.809332939322038,0.00790149017068546,5.26886327007161
"17","HSPA4L",1059.09556593194,3.33694809516789,3.34701200675942,0.111682639563871,29.8788433743949,3.70609405678697e-196,0.812805797645415,0.00800795578120625,10.1046545461177
"18","RUFY3",2318.37693764296,2.58294127012095,2.58511446722729,0.0871374234655151,29.6421579545917,4.28035097508044e-193,0.820760162425298,0.00790149017068546,5.99159982398975
"19","MANEAL",383.776267123765,3.84808153951507,3.87949217818605,0.130452379405548,29.497978933387,3.05601907319001e-191,0.847542069651867,0.00820638425143247,14.400844773385
"20","DCLK2",825.086824629041,3.15251765603044,3.15999419791625,0.107557864337234,29.3099688754149,7.74126503933753e-189,0.812805797645415,0.00800795578120625,8.89205983305542
"21","STXBP1",8770.00353845976,3.20302002473102,3.20607026440038,0.109764110830184,29.1809408421885,3.38475018093032e-187,0.820760162425298,0.00800795578120625,9.20884374927685
"22","PRR36",871.876574825247,4.38792274500489,4.4132877353143,0.150559702147689,29.1440716367826,9.93178128593614e-187,0.847542069651867,0.00800795578120625,20.9361280028263
"23","RHPN2",650.227316050715,3.94056406405052,3.96340113771387,0.135226858132144,29.1403950256671,1.10564102269672e-186,0.812805797645415,0.00800795578120625,15.354227922713
"24","AMPH",1311.22320062197,5.17999466496315,5.18746603810982,0.178115046205143,29.0822969497878,6.01183185731629e-186,0.848057361081753,0.00800795578120625,36.2521502700075
"25","MAP3K9",818.985171575622,3.83951711746334,3.86406660698912,0.132139511591664,29.0565408575762,1.27219401401051e-185,0.847542069651867,0.00800795578120625,14.3156087745137
"26","DOCK3",705.629128671755,4.27358966949409,4.29170129961096,0.147087894506348,29.054666149359,1.34349997183848e-185,0.847542069651867,0.00800795578120625,19.3409890778182
"27","CHRNB2",583.776830425445,5.94499180345337,5.94588350809644,0.204733291985022,29.0377385417527,2.19798768382668e-185,0.848057361081753,0.00970604311240807,61.6056943501134
"28","RAP1GAP",1882.45596116422,4.99179461230615,4.99238113480999,0.172389200486525,28.956539030392,2.32171073502401e-184,0.847542069651868,0.00929834316302393,31.8185152671322
"29","SNAP91",2559.98667508156,5.43915699104047,5.41698613999088,0.18784568441757,28.9554535570247,2.39593286594047e-184,0.820760162425298,0.00800795578120625,43.3859793717733
"30","AMER3",211.308802025462,5.53672794792995,5.56025822487189,0.191553212107379,28.9043858206159,1.05162239523932e-183,0.847542069651867,0.0121146532052912,46.4217159836323
"31","BSN",870.616351822003,4.47290389646136,4.47924341729613,0.155198885195379,28.8204640827828,1.18866946693033e-182,0.809332939322038,0.00800795578120625,22.2064041998601
"32","GNB1",24561.4374877404,3.42003870337875,3.43047856363964,0.119358799633134,28.6534274296552,1.45293590861804e-180,0.809332939322038,0.00800795578120625,10.7037075842762
"33","RIMS2",2747.04103688904,5.4723098190647,5.50820246854471,0.191687221782041,28.5481200478091,2.96402106719114e-179,0.809332939322038,0.00800795578120625,44.3945237219366
"34","MTMR7",478.45316330501,4.54691403552829,4.56648167195335,0.159436344256696,28.518679707104,6.87305775378576e-179,0.848057361081753,0.0114627617024021,23.3753171728548
"35","SCAMP5",7028.2771377624,5.03994384864893,5.05208638458675,0.177202007997742,28.4417987448153,6.15524790311748e-178,0.820760162425298,0.00800795578120625,32.8983619859718
"36","DNM1",4682.79014961813,4.12348549884978,4.13267145491342,0.145106437721054,28.4169714563358,1.24784197174388e-177,0.812805797645415,0.00800795578120625,17.4298167781209
"37","SCRN1",4989.36952647572,2.45746996184885,2.46391068167785,0.0865662125370448,28.3883271524351,2.81791085348437e-177,0.812805797645415,0.00800795578120625,5.49252663918206
"38","SGIP1",2775.14926920763,4.71051449363729,4.74455496174314,0.16643467413747,28.3024827491569,3.22111019518511e-176,0.848057361081753,0.00800795578120625,26.1822013009117
"39","ARL3",2863.55331643311,2.74308546163539,2.7488304756436,0.0970092618652583,28.2765316310252,6.71796638017302e-176,0.812805797645415,0.00800795578120625,6.69500652511359
"40","ADD2",1716.13509581471,5.28162874611152,5.33903821207011,0.186986975160709,28.2459713655036,1.59512228539069e-175,0.809332939322037,0.0097566147092266,38.8981259795708
"41","SV2A",2918.80428378658,4.18010381101126,4.20806307555628,0.148228173838093,28.2004675816698,5.77086474511266e-175,0.820760162425298,0.00800795578120625,18.1274465019603
"42","PPM1E",848.000194589489,5.63502090196888,5.66334701822275,0.200251087277519,28.1397768100982,3.19648682437927e-174,0.812805797645415,0.0106511540010638,49.6947279790669
"43","PAX6",2691.04767275084,4.71744807765299,4.7611777091235,0.167741519377582,28.1233179188876,5.08172116633361e-174,0.812805797645415,0.00800795578120625,26.3083356665448
"44","TPD52",3352.4478523139,4.10170566927299,4.11584602910257,0.146132682487763,28.0683663602525,2.38434911027855e-173,0.809332939322038,0.00800795578120625,17.1686615688358
"45","DLG4",7520.00758569997,4.34288239556021,4.35404843806058,0.154792176073177,28.0562138586846,3.35477654129026e-173,0.809332939322038,0.00800795578120625,20.2926081254811
"46","ELMOD1",523.365219347203,4.8227648959132,4.82670013172566,0.172356031878481,27.9814105914986,2.73563001508092e-172,0.812805797645415,0.011755640585031,28.3006816266282
"47","FSD1L",919.946021859996,3.62365373005433,3.63385403333108,0.129559048651397,27.9691288858137,3.85890589679592e-172,0.848057361081753,0.0104157074663788,12.3261788980598
"48","CNNM1",338.350872963262,4.17262301467826,4.20291251063941,0.149197544161269,27.9671025293019,4.08421416346444e-172,0.809332939322038,0.0182541296818083,18.0336936605959
"49","GABRB3",1138.62320196034,4.4091650181923,4.40122389485162,0.157742407439555,27.9516782440501,6.28982479844312e-172,0.812805797645415,0.0106511540010638,21.2466726298091
"50","NDRG3",2251.51999689681,3.20192688702934,3.20815836642339,0.114610755523475,27.9374031905192,9.37786913499666e-172,0.812805797645415,0.00800795578120625,9.20186880222579
"51","ELOVL4",2566.01513986679,5.17857942750701,5.20819390307006,0.186384655770702,27.7843656501311,6.70211047753953e-170,0.809332939322038,0.00800795578120625,36.2166055129895
"52","KIAA1841",414.135387338922,3.07351542548379,3.08379530352894,0.110633363412183,27.7810899957265,7.34152573788198e-170,0.820760162425298,0.0148291833978004,8.41822123832834
"53","RAB3A",2651.88225604016,4.95297701216125,4.96316644660469,0.178305467841764,27.7780433326741,7.9908014148849e-170,0.809332939322038,0.00800795578120625,30.9738113213326
"54","DNAH17",573.725988542569,4.75865816643835,4.78165578752734,0.171545432228897,27.7399293272278,2.30500215781221e-169,0.847542069651867,0.0132000235485904,27.0706601827939
"55","KIF1B",5972.12614726356,3.26347600233238,3.27057722674709,0.117655436813645,27.7375707465302,2.46105594008989e-169,0.848057361081753,0.00820638425143247,9.60293892689934
"56","RP5-1187M17.10",3150.47675371139,4.03880691264443,4.04454343368767,0.146030301595445,27.657320902023,2.27871343325015e-168,0.848057361081753,0.00820638425143247,16.4362230923442
"57","ATCAY",1536.89517282071,5.57393658638782,5.60380914712151,0.201576590627464,27.6517058307087,2.66204754588053e-168,0.847542069651868,0.0140913651610537,47.6345543440728
"58","CHD7",2078.46652890246,3.37112830821391,3.37670070018239,0.122490822870508,27.5214765417792,9.71626291631118e-167,0.809332939322038,0.00820638425143247,10.346911632046
"59","STX1B",1054.49961865793,5.57304922633621,5.65349754175031,0.202499294159698,27.5213266765321,9.75647340513789e-167,0.812805797645415,0.0122750399949397,47.605264714007
"60","FMN2",564.007918782901,4.19042024745302,4.23185120875023,0.152837662672743,27.4174583291395,1.69847791878652e-165,0.809332939322038,0.01613780419112,18.2575369782529
"61","GDAP1",913.509013124463,3.23298764026279,3.23887908461943,0.118381762511133,27.3098454667691,3.24057435621972e-164,0.820760162425298,0.0143523760631513,9.40213007786473
"62","NSF",3400.49490919063,3.19191837579748,3.20125540447534,0.117010181343742,27.2789798215982,7.53333671066776e-164,0.847542069651867,0.00970429654124037,9.13825293987206
"63","PPFIA2",1002.81243709617,5.73366847145205,5.77460925991422,0.210272653829484,27.2677800324032,1.02287637189532e-163,0.809332939322038,0.0122750399949397,53.2115849709412
"64","MADD",4660.35993566642,3.01493255483812,3.01662341014591,0.110932199991562,27.1781552612086,1.17723587344634e-162,0.847542069651867,0.0097566147092266,8.08323367654415
"65","KCNH2",1299.71224916402,5.18301604982058,5.15370866049028,0.19076158987321,27.1701239922853,1.46478252840991e-162,0.812805797645415,0.01613780419112,36.3281514130376
"66","TTBK1",241.096273221369,5.56780332005509,5.58520396887837,0.205104525289986,27.1461749182914,2.80947822174021e-162,0.847542069651867,0.0419344411992923,47.4324774910234
"67","DLG2",755.837437956581,3.54738431900152,3.53572042617187,0.130823320528113,27.1158406978304,6.40521049779704e-162,0.809332939322038,0.0143892878845913,11.6914690997238
"68","PLPP1",605.888022847378,-2.90048852969659,-2.92072034900148,0.107401982828102,-27.0059123055376,1.25954621582774e-160,0.812805797645415,0.0158775551283908,0.133926324606422
"69","KIAA1456",1267.44124381032,2.62024360916699,2.6130346573308,0.0970295738061271,27.0045874302452,1.30549075105207e-160,0.848057361081753,0.01304352257413,6.14853886137242
"70","GLB1L2",4854.55746914364,5.1852480699266,5.15002836092231,0.193784546328517,26.7577996706518,1.00193065025318e-157,0.820760162425298,0.0106511540010638,36.3843988656209
"71","CAMSAP1",4834.59380710893,3.96885651753484,3.98345022782241,0.148392263943727,26.7457104033394,1.38512246493452e-157,0.847542069651867,0.0113751466287115,15.6583090401498
"72","MAST1",1485.26561886318,6.08834390542961,6.133453758141,0.227942647649086,26.7099815160632,3.6041206056978e-157,0.820760162425298,0.0139282549532774,68.0415407696506
"73","FBXL16",813.15487884319,5.01005754136586,5.07045992506401,0.187628827106346,26.7019605602832,4.46640896902356e-157,0.847542069651867,0.0166055194753422,32.2238628132079
"74","PLCD4",4471.91024007068,4.93032723609252,4.94229481766093,0.184852030627402,26.6717504771715,1.0013415166682e-156,0.847542069651867,0.0114627617024021,30.4913312814694
"75","ANKRD34A",212.017029578385,3.81101989916332,3.84040425406626,0.143397838129416,26.5765505873519,1.26736178356467e-155,0.809332939322038,0.0203834121310346,14.035610372251
"76","UNC79",357.683045075605,5.03422333033848,5.05626273312603,0.189586615133182,26.5536853791181,2.32847293338902e-155,0.820760162425298,0.020251197646427,32.7681729603207
"77","GALNT13",360.906711486312,5.22752488922766,5.3396919626759,0.196908023924093,26.5480541881972,2.70455440697606e-155,0.820760162425298,0.020251197646427,37.4663852737093
"78","RAB11FIP4",991.578617702515,3.85354100346868,3.85528871595137,0.145261791401342,26.5282492133239,4.57803000508593e-155,0.847542069651867,0.0159837347513847,14.4554438657763
"79","DNAJC6",1594.12444922671,4.61070619564302,4.64879667343546,0.17408474840536,26.4854114899653,1.42730418850527e-154,0.812805797645415,0.0194101234994163,24.4321038710109
"80","CHD5",1251.95532186079,4.49225737583088,4.49376900772854,0.169700456107448,26.4716871060532,2.05382952390375e-154,0.820760162425298,0.0146458349000602,22.5063059504212
"81","SLC8A2",276.488041723638,5.3668223672628,5.34736167426486,0.202887541891617,26.4522026203549,3.44194848124315e-154,0.809332939322038,0.0468377644602899,41.2643030148486
"82","FSCN2",320.710079289879,5.63396937416899,5.70207206258218,0.213141144388115,26.4330445927884,5.7164540819491e-154,0.812805797645415,0.0478739736751932,49.6585205009788
"83","UNC5A",426.578109059845,5.90481286837173,5.89445111647583,0.223477624470154,26.4223896346291,7.57866410582803e-154,0.847542069651867,0.0203834121310346,59.9136519463272
"84","SLC24A1",4750.1683497655,4.9096074844943,4.94434502718874,0.185961265414012,26.4012372338071,1.32607533665815e-153,0.847542069651867,0.012339540555436,30.0565493463938
"85","RPH3A",569.137730906058,5.3985285727307,5.43059637420692,0.204625653366199,26.382462237369,2.17807172486842e-153,0.812805797645415,0.0182623963765888,42.181209921547
"86","N4BP3",354.984823321753,4.19608713157642,4.18457073352447,0.159475467493178,26.3118032982466,1.40521383674293e-152,0.847542069651867,0.0203834121310346,18.3293933380784
"87","MYT1",648.241689372388,5.83647616273376,5.80235379575982,0.222498425071835,26.2315392158368,1.16104719468233e-151,0.812805797645415,0.0182623963765888,57.1418627830267
"88","PCNX2",898.317540406871,2.76784430615525,2.78038493496687,0.10551875186741,26.2308287121629,1.18292089254241e-151,0.848057361081753,0.0177398256708955,6.8108945991005
"89","ONECUT2",547.033610869425,5.77500891125616,5.82353839164964,0.220392011780591,26.203349498009,2.43380732606694e-151,0.847542069651867,0.0197886423889482,54.7584198751113
"90","AK3",916.567305194712,-2.16142910991592,-2.16719102097433,0.0825823694274964,-26.1730091410559,5.39337170760648e-151,0.848057361081753,0.0177398256708955,0.223534728207974
"91","CDH2",2965.79836520892,4.30772287921121,4.37759695683561,0.164614564754935,26.1685403452859,6.06353428675018e-151,0.847542069651867,0.0134655528032274,19.8040402191852
"92","KIAA0895L",2082.59719820944,2.97325807489455,2.97899410661946,0.113788637201898,26.1296571257729,1.6785856478815e-150,0.848057361081753,0.0137198602134981,7.85307717414655
"93","BRSK2",1179.6713123553,4.34183376336931,4.34022014690568,0.166313298166408,26.1063535582405,3.08787733548181e-150,0.812805797645415,0.0182623963765888,20.2778636716473
"94","ZDHHC13",344.195346465906,2.41489588009577,2.42352379257254,0.0926214434941081,26.072751503267,7.42929286067143e-150,0.820760162425298,0.0223930983759132,5.33280982336192
"95","PRKCZ",877.994448397665,3.04285615938589,3.0348677032482,0.11672179531055,26.0693056621522,8.12868438384312e-150,0.812805797645415,0.0182623963765888,8.24120991698499
"96","TRNP1",1530.3510189871,4.30430812675473,4.34218582049778,0.165208718173268,26.0537589925517,1.21966815875288e-149,0.812805797645415,0.0203834121310346,19.7572209514724
"97","AGTPBP1",1074.82308354521,2.9009794275356,2.90527853481318,0.111400562615047,26.0409764496447,1.70236714776613e-149,0.809332939322038,0.0177398256708955,7.46933304777333
"98","DPYSL5",1622.88133350182,5.80037919593439,5.82087871891547,0.223014777261251,26.0089455378982,3.92297431551295e-149,0.809332939322037,0.0186480943479677,55.7298820898809
"99","ASTN1",695.276307204511,4.71054690791109,4.70820956338856,0.181226936375086,25.9925318064289,6.01495391759079e-149,0.820760162425298,0.0202280409401815,26.1827895656189
"100","ADCY1",3857.28236905715,5.05177834330836,5.01980987528013,0.194447380526609,25.9801820401332,8.2949588782818e-149,0.812805797645415,0.0144459246320472,33.1693386803484
"101","SLC24A2",1039.17242181835,5.3573711014155,5.37151446913165,0.20638208714403,25.9585081997775,1.45754053461373e-148,0.812805797645415,0.0187000231271381,40.9948592279761
"102","PPP2R2B",2021.81824824146,5.23351662268683,5.25483245890415,0.201791167004498,25.9353107491081,2.66324153041989e-148,0.847542069651868,0.0203834121310346,37.6223124805309
"103","NRIP3",840.392161381342,3.30907138275185,3.32870746026879,0.127724756763312,25.9078307652128,5.43535772116283e-148,0.847542069651867,0.0202280409401815,9.91127996791465
"104","AP3B2",2141.45565836699,4.58765292253672,4.58103473214915,0.177593559255982,25.8323158889119,3.84520139191828e-147,0.812805797645415,0.0148291833978004,24.0447983574148
"105","ABHD12B",363.370168151068,3.71733596307091,3.71971516161451,0.143923098191091,25.8286266054063,4.23026361967967e-147,0.847542069651867,0.0236567650101947,13.1531456375309
"106","ATP6V1G2",1026.64171635212,5.19385843493847,5.2174343113239,0.201936638118859,25.7202382060129,6.94152437803866e-146,0.848057361081753,0.0194101234994163,36.6021993599974
"107","SCN8A",747.412064266906,4.87560394971236,4.93951985472104,0.189747722590149,25.6951908732184,1.32288819840079e-145,0.809332939322038,0.020251197646427,29.3564161708449
"108","TOM1L2",3002.29628947272,2.44446698354451,2.45006367710254,0.095188230976105,25.6803489095006,1.93798809271974e-145,0.820760162425298,0.0146458349000602,5.44324503938052
"109","MAPT",2575.27551136973,4.3267410038676,4.31312636490364,0.168530425546011,25.6733523923035,2.32000782744022e-145,0.809332939322038,0.0146458349000602,20.0668325022438
"110","ERC2",193.754277874886,4.50256917818938,4.54920413961559,0.175394226572777,25.6711367652749,2.45600666239405e-145,0.820760162425298,0.0292756813513055,22.6677482240847
"111","CNKSR2",916.724077867152,4.45961600547229,4.49028300880925,0.173735080688924,25.6690588209834,2.59077863125322e-145,0.812805797645415,0.0202280409401815,22.0028119384149
"112","LAPTM4A",2623.39479912195,-2.49182776825878,-2.49889287750498,0.0974905357840272,-25.5596889300001,4.2847902376658e-144,0.847542069651867,0.0158775551283908,0.177780898886229
"113","CACNG3",365.569966763666,6.20043500948968,6.20361134215113,0.242803302164201,25.5368644257421,7.68360638672732e-144,0.809332939322038,0.0330909318428287,73.5388652277103
"114","AAK1",2804.32304067665,2.51728274327328,2.52205044488715,0.0986260003944037,25.5235205037891,1.08079610281297e-143,0.848057361081753,0.0159837347513847,5.72502797660775
"115","CACNA1B",392.959804129348,4.79609572701427,4.78667722953587,0.188317101080044,25.4681900873978,4.43957095103673e-143,0.812805797645415,0.0268049736163599,27.7823306605631
"116","CCDC177",141.861838022269,5.88364906866817,5.90776227214332,0.231541990203464,25.4107216729804,1.91974034335986e-142,0.848057361081753,0.0293434246098646,59.0411561951402
"117","UNC80",1017.2439311792,5.12038631912455,5.13493255272306,0.201858392237934,25.3662295748847,5.95078738334262e-142,0.809332939322038,0.020251197646427,34.7848288965988
"118","ATL3",880.000077124732,-2.28839193528262,-2.29357529002467,0.0902654968362464,-25.3517901688844,8.58709268827243e-142,0.812805797645415,0.0203834121310346,0.204703555333682
"119","TMEM123",1675.58539543957,-3.68667935495251,-3.70725043482273,0.145445598877001,-25.347479630994,9.58021759921859e-142,0.820760162425298,0.0194101234994163,0.0776602760169228
"120","KIAA0513",1122.54134959433,3.23259369934443,3.24183334395906,0.127554594578966,25.3428244589278,1.07819070172113e-141,0.809332939322038,0.020251197646427,9.39956309176644
"121","LEPROT",995.881301783622,-2.23569066879547,-2.24181166826394,0.0883759110084623,-25.2975119948851,3.40208205428473e-141,0.809332939322038,0.020251197646427,0.212319580608642
"122","RAP1GDS1",1349.48997264996,2.38230501752239,2.38837219518916,0.0945979258484856,25.1834804638111,6.07704577543046e-140,0.848057361081753,0.020251197646427,5.21369077005322
"123","KIF1C",1767.22438857769,-2.09842675634285,-2.10051993869622,0.0834352291014937,-25.1503684827214,1.40013952500865e-139,0.812805797645415,0.0272814042049343,0.233512752274166
"124","LNP1",622.263233556637,3.45776152124498,3.46076244015996,0.137712963432757,25.108467896222,4.01955582648245e-139,0.809332939322038,0.0292756813513055,10.9872735113749
"125","UNC5D",352.018853649541,6.06741789371886,6.25477409552911,0.241833151152177,25.0892727684834,6.51241137994469e-139,0.809332939322038,0.0357774663291056,67.0617345475796
"126","DSCAML1",1537.58640219273,5.40192733750917,5.35328309269718,0.21537073003619,25.0819939023351,7.81929199239391e-139,0.847542069651868,0.0272814042049343,42.280699426158
"127","ENO2",37240.6302745582,4.65001609093903,4.67755651983875,0.18554348678333,25.0615969956904,1.30500511783465e-138,0.847542069651867,0.0181805017730566,25.1069711589508
"128","KCNIP2",879.810787457729,4.85697669977644,4.87944429576632,0.193808693012566,25.0606751651823,1.33555341542739e-138,0.809332939322038,0.0203834121310346,28.9798194146733
"129","SYT1",5764.21569971015,5.90854593039376,5.99915352914933,0.23577389801572,25.0602207458937,1.350873980455e-138,0.809332939322038,0.0177398256708955,60.0688829486245
"130","PCBP3",3146.59917849168,5.02801922420933,4.98144356017273,0.200835111983524,25.0355586458499,2.50795284690668e-138,0.848057361081753,0.0182541296818083,32.6275606220282
"131","EML6",457.901088003149,3.87861529309729,3.89176013500457,0.154981292109532,25.0263450530282,3.15964203807963e-138,0.848057361081753,0.0295115337691033,14.7088779680212
"132","LSM11",366.156601123233,2.24754586626567,2.25268376438232,0.0898915880126436,25.002849721039,5.69233935881519e-138,0.812805797645415,0.0293434246098646,4.74874361227791
"133","CTNNA2",1764.71353710512,5.44737525720446,5.43095140053309,0.217925847680124,24.9964623985321,6.67959161263189e-138,0.820760162425298,0.0203834121310346,43.6338314864042
"134","NDRG4",8753.5021157883,5.44746662642241,5.48326425455033,0.218273639214741,24.9570522854714,1.79029684423354e-137,0.809332939322038,0.0181805017730566,43.636595005509
"135","CLASP2",3473.13003615583,2.36659937320806,2.36741072376576,0.0948339562389528,24.9551897555022,1.87561641228698e-137,0.809332939322038,0.0181805017730566,5.15724067241589
"136","AHI1",1621.62708400771,2.58446331399525,2.58701482940015,0.103602794702919,24.9458841472974,2.36668218766865e-137,0.820760162425298,0.0203834121310346,5.99792429989728
"137","MFSD4A",814.881473247247,3.38256898744468,3.37958682291294,0.13585417422909,24.8985281949502,7.71832941023917e-137,0.809332939322038,0.0241033144164737,10.4292896127386
"138","FAM168A",2539.90674206966,2.2391915961494,2.24336598582421,0.08995624541705,24.8920081731757,9.08093075355443e-137,0.812805797645415,0.0187123027186399,4.72132434403151
"139","RSPH1",158.774870697375,4.03763529870697,4.04690483089302,0.162331236033871,24.8728180561904,1.46500225183846e-136,0.847542069651867,0.0343132215918327,16.4228806392625
"140","BEX1",1901.86344243163,4.02789116656266,4.07730095130208,0.16213141353025,24.8433729087987,3.04953094818729e-136,0.847542069651868,0.0292756813513055,16.3123323185132
"141","CNNM4",1456.37724786197,3.34991021578193,3.35598231999493,0.134873521446234,24.8374193827018,3.53641901881988e-136,0.812805797645415,0.0292756813513055,10.1958504735379
"142","ZNF365",223.425240305575,2.93519358950843,2.95324838787884,0.118339536928426,24.8031525700806,8.28960962661318e-136,0.809332939322038,0.0336140921736448,7.6485888055986
"143","LINC00094",1083.91013786972,2.07272693642037,2.07821918321026,0.0835949845160735,24.7948719461971,1.01826674349522e-135,0.848057361081753,0.0234354128315058,4.20681080470303
"144","RHBDL3",1040.63201614991,4.91340660415005,4.90493212131324,0.198167445855518,24.7942167440175,1.03497129319598e-135,0.812805797645415,0.0241033144164737,30.1358030384222
"145","DISP3",591.580754666702,5.92102401082376,5.90152323998534,0.238841351724795,24.7906150591806,1.13180416248194e-135,0.848057361081753,0.0301442638525016,60.5906808035667
"146","SNAP25",8592.77300389276,5.94250360766377,5.94444017182308,0.239941456908565,24.7664729731482,2.06058489239593e-135,0.820760162425298,0.0182623963765888,61.4995354496336
"147","FBXO41",389.70517453447,3.40531129896845,3.43348448778337,0.137546366494118,24.7575518406303,2.57089522339787e-135,0.812805797645415,0.0312268017382771,10.5949971826696
"148","PAIP2B",945.263610614019,2.97413619347525,2.96911965447482,0.120151857532016,24.7531436847137,2.86783416715776e-135,0.809332939322038,0.0225922027855404,7.8578585256246
"149","ACTR3B",335.703480263794,2.0148188348479,2.01660217150516,0.0814499906989069,24.7368823195574,4.2913433523263e-135,0.847542069651867,0.0316623765977363,4.04129827163094
"150","CELSR3",872.33661534161,4.96021764674635,5.00381096073764,0.200611773016529,24.7254563985019,5.69527403767041e-135,0.809332939322038,0.0227749439740577,31.1296542208507
"151","SLC12A5",3529.14659787005,5.98280570582128,6.01580137067267,0.24201158588961,24.7211540878471,6.3355555669039e-135,0.809332939322038,0.0186480943479677,63.2417640719428
"152","RUNDC3A",1789.48090684142,5.38849752159053,5.37288655746931,0.218203570176481,24.6948183168238,1.21574699597334e-134,0.848057361081753,0.0223666694896376,41.8889414357237
"153","SEC61A2",392.421598469152,2.24369887015396,2.24833668437994,0.0908645004056964,24.6927992795446,1.27800199476181e-134,0.809332939322038,0.0399326270900535,4.73609779131601
"154","KIF3A",1082.11585593207,2.88401982391722,2.89330291148376,0.116846565248827,24.6821104050055,1.66464282830231e-134,0.848057361081753,0.0241033144164737,7.38204137636921
"155","KIF3C",1925.67246104151,3.58653061204987,3.61189702715364,0.145342116698724,24.6764715797025,1.91362726615994e-134,0.847542069651868,0.0293434246098646,12.0130502744509
"156","SLC7A14",395.909841661614,4.00397507680734,4.01118535043226,0.162717769183616,24.6068705151011,1.06643070221522e-133,0.847542069651867,0.0328340410451593,16.0441458023334
"157","CACNG7",847.836682178729,6.41514700124051,6.56278462534565,0.260842489909672,24.593949411624,1.46624577639842e-133,0.847542069651867,0.0283086779949546,85.3398104624252
"158","SYT13",662.363495062583,5.6723021782868,5.68898429817301,0.231290923033167,24.5245343133219,8.08737796109419e-133,0.809332939322038,0.0279647482080349,50.9956462872417
"159","RALYL",158.311704183502,5.31991277318896,5.35242090136078,0.21693803996677,24.5227290428357,8.4540847682111e-133,0.844960632389803,0.0353496634506735,39.9441624271124
"160","CASZ1",3125.81105669537,5.20561877047852,5.18314562911913,0.212351700890125,24.5141373893305,1.04400865393909e-132,0.820760162425298,0.0194101234994163,36.901786843867
"161","GPR179",835.23908041919,6.38740909835156,6.39445607906288,0.260642127026266,24.5064340566399,1.26136178109249e-132,0.809332939322038,0.0279655160442301,83.714701531176
"162","FAM171B",805.26011432017,2.56969010085042,2.5744159935303,0.104883823432107,24.5003473058342,1.46460492854989e-132,0.848057361081753,0.0347909414594809,5.93681888287425
"163","DIRAS2",1334.27660496069,6.04534278716993,6.0289569119032,0.2467701570736,24.4978682141329,1.55647231522181e-132,0.847542069651868,0.0305277319109382,66.0434136557585
"164","CARMIL3",359.559904790167,4.18509093282779,4.17658288456695,0.17117721233756,24.4488788880078,5.17247405066194e-132,0.812805797645415,0.0333427136534288,18.1902180620547
"165","HECW1",161.397871178644,4.80640770311091,4.83636718722493,0.196857740441721,24.4156399048674,1.16675385924632e-131,0.847542069651867,0.0371238935543969,27.9816222937297
"166","LMTK3",360.261134551185,3.98087827362152,3.99531092795899,0.163509026705256,24.3465351964789,6.30850208460124e-131,0.812805797645415,0.0340318553047731,15.7893324641579
"167","APBA1",1063.49577611278,3.96325830911917,3.97022228755135,0.162791991322256,24.345536146638,6.464088821059e-131,0.820760162425298,0.0293434246098646,15.5976665477799
"168","TMEM145",1115.42512941132,4.72909376978367,4.73602679639873,0.194294400882571,24.3398355706702,7.4280456447958e-131,0.820760162425298,0.0293434246098646,26.5215606898819
"169","LBHD1",810.868559554305,4.51379022554693,4.55101667525606,0.185661655918425,24.3119140741165,1.46673154888784e-130,0.847542069651867,0.0293434246098646,22.8447417035918
"170","ARID3B",875.325622781002,3.73100704516978,3.74060581886601,0.153484733299032,24.3086524957548,1.587975758691e-130,0.847542069651867,0.0279647482080349,13.2783782121111
"171","GABRG2",525.444346214008,5.86192256104702,5.83659314594437,0.24123829447376,24.2993036152667,1.99383208268114e-130,0.820760162425298,0.0419344411992923,58.1586776093162
"172","CLSTN3",3548.35146080255,3.00441723498022,3.01702903469223,0.123760278481267,24.2761027354587,3.50610796174874e-130,0.812805797645415,0.0203834121310346,8.02453188840863
"173","DOK6",1000.17933018934,3.68287046222051,3.67054607593076,0.151878298805959,24.248826140236,6.80341331142032e-130,0.812805797645415,0.0292756813513055,12.8426450426831
"174","GRIP1",192.103406390775,4.29163623761393,4.34377795029197,0.177215312924628,24.2170733825875,1.47050844230505e-129,0.820760162425298,0.0388991567302084,19.5844436171132
"175","RGS9",715.938295333954,4.40558194656442,4.43353003047061,0.182056479269969,24.1989846460309,2.28015989854849e-129,0.847542069651867,0.0300868228661589,21.1939699518947
"176","PLEKHD1",384.56658125234,4.10900598807404,4.12027719994747,0.169854601809635,24.1913138902131,2.74603105481831e-129,0.848057361081753,0.0354552045180338,17.255758529001
"177","PTTG1IP",3256.34722848694,-2.19727166366506,-2.20122672026667,0.0909309845922015,-24.1641688311105,5.29933719514467e-129,0.820760162425298,0.0203834121310346,0.218049613201375
"178","PSD",3506.48708301387,5.58105589039949,5.58624505945251,0.231028635323605,24.1574204971693,6.23953229161335e-129,0.809332939322038,0.0203834121310346,47.8701987362343
"179","FZD4",715.865759698884,-3.63449831454384,-3.66189365990751,0.150570185175565,-24.138233676913,9.9246057108735e-129,0.820760162425298,0.0313628324592328,0.0805205973587265
"180","MAPK8",812.586852989872,1.82355100610482,1.82553229780166,0.0756109590554461,24.1175489490563,1.63618161981349e-128,0.848057361081753,0.0371238935543969,3.53951332361166
"181","PPM1H",1182.01793843547,2.61800931925099,2.62077265078451,0.10858289113648,24.1106982126712,1.93063290262579e-128,0.812805797645415,0.0293434246098646,6.1390240395922
"182","ST8SIA1",361.394600721913,4.20699383803983,4.23936591192581,0.174507627504172,24.1077934426635,2.07093410673214e-128,0.812805797645415,0.0354552045180338,18.4684877985058
"183","PFKP",7424.56816746005,3.8335247775389,3.86998178593965,0.159138047080038,24.0893038960748,3.23599233530865e-128,0.820760162425298,0.0203834121310346,14.2562711578193
"184","KIF1A",12032.0370349416,3.4634049783791,3.42780655988093,0.143774042044503,24.0892231249022,3.24230562772013e-128,0.809332939322038,0.0203834121310346,11.0303371110193
"185","PDE6A",28121.611749756,6.22273281047973,6.20220269605553,0.258347277889726,24.0866978019248,3.44601692479852e-128,0.812805797645415,0.0216285770405723,74.6842855816166
"186","SLC38A1",4133.60098742825,4.36348396625056,4.4282895332116,0.181223226199862,24.0779510317198,4.25554810583156e-128,0.847542069651867,0.0211824357007267,20.5844638377882
"187","STX3",4882.26178833215,3.49735479570402,3.50446764210564,0.145317596018302,24.0669739352387,5.54515045173751e-128,0.848057361081753,0.0213935821999845,11.2929836400518
"188","CADM2",2098.86226085547,4.0312835962517,4.00043963294032,0.167572409076405,24.0569650962863,7.05806311366592e-128,0.820760162425298,0.0203834121310346,16.3507351360074
"189","GLMN",369.053798539739,2.9555617272802,2.96783122342759,0.12290343247612,24.0478371330635,8.79425179178562e-128,0.809332939322038,0.0453715400545096,7.75733834232544
"190","CCDC85C",2453.80386409659,3.30579814528372,3.32601241472637,0.137522927030901,24.0381601574036,1.1102417982385e-127,0.848057361081753,0.0215635570563583,9.8888183962727
"191","CELF5",527.586810753037,4.66196513890721,4.66578054200265,0.193956583577156,24.0361273277051,1.16593755036573e-127,0.820760162425298,0.0438604888326757,25.3157819033267
"192","TRIM36",848.647959090243,3.55901613938134,3.5758655934511,0.148177714839931,24.0185654315561,1.77929940103342e-127,0.847542069651867,0.0314577610414218,11.7861133366514
"193","CALB1",611.825122704227,4.86717945374217,4.90203220616185,0.202744863658334,24.0064254448604,2.38270142855581e-127,0.812805797645415,0.0325572205584844,29.1854913915417
"194","UNC13A",1745.40958761181,5.36530830054742,5.39087296982333,0.223617065633234,23.9932864039427,3.26779539273091e-127,0.847542069651868,0.0343132215918327,41.2210200384954
"195","JPH3",486.698226409765,5.19936556161303,5.20354677619982,0.217013960466721,23.9586686056096,7.50485386520873e-127,0.809332939322038,0.0364626724756386,36.7421860930358
"196","DRD2",519.89326783002,5.79426730841411,5.77017792266761,0.241927747869744,23.9504040335786,9.15104245852911e-127,0.848057361081753,0.0357774663291056,55.4942853196788
"197","ST8SIA3",459.570326660224,5.69442397836881,5.66243980998077,0.238029855846014,23.9231501364797,1.75907448105077e-126,0.809332939322038,0.0462722097932221,51.7836221996108
"198","STAC2",5757.72589466662,6.17524432348261,6.16005238054195,0.258393556276269,23.8986003075099,3.16710799378676e-126,0.848057361081753,0.0223930983759132,72.265959265705
"199","GRIN1",1523.99588936719,6.7909855076763,6.83452747493961,0.284296801296581,23.8869571402314,4.18493889413428e-126,0.847542069651868,0.0349306779581757,110.736384007619
"200","SUSD4",361.243561044237,5.02913872824866,5.10151406781081,0.210592110213049,23.8809456021921,4.83229837172884e-126,0.812805797645415,0.0369733440195011,32.6528888172108
"201","TMEM64",335.898952317692,-3.20167487310671,-3.21669433527541,0.13420210916502,-23.8571129248781,8.54357964766937e-126,0.820760162425298,0.0383925595375154,0.10869256229299
"202","SLC32A1",209.421749177038,6.43407605341168,6.43165302008879,0.269763259981916,23.8508240664166,9.92897286742516e-126,0.848057361081753,0.0419344411992923,86.4668994971856
"203","PLCH2",6734.32101721011,5.49315315403999,5.45046578785346,0.230413680801145,23.8403949580614,1.27378938107299e-125,0.812805797645415,0.0234354128315058,45.0405691864785
"204","FRMPD1",2283.50965650598,6.12787905631943,6.13886757718838,0.257189771547081,23.8262937886613,1.78365359302537e-125,0.820760162425298,0.0216285770405723,69.9319125406303
"205","ATRNL1",615.188286693526,3.4814369378764,3.51379372374208,0.146579964240993,23.7511105689216,1.07008636553795e-124,0.820760162425298,0.046032195914223,11.1690682900167
"206","LEPR",847.593861473115,-4.41570570542214,-4.49575941125723,0.186069541651214,-23.7314805326889,1.7067752566602e-124,0.812805797645415,0.0331192260651914,0.0468532941581338
"207","GAN",453.635328605472,2.02272782808613,2.02609733680352,0.0853601812500963,23.6963862829643,3.92867869510891e-124,0.820760162425298,0.0404719024028545,4.06351389665298
"208","PCDH15",779.457312822351,5.46010205461787,5.47184356199556,0.23049041279159,23.6890636295355,4.67441840287577e-124,0.820760162425298,0.0345401130331858,44.0204520273969
"209","ADAM11",633.407873380477,4.20580379080118,4.21461133548685,0.177615224682426,23.6792977534505,5.89327814105872e-124,0.847542069651867,0.035205416909614,18.4532598327618
"210","MLF1",370.439304537318,2.56085698896718,2.5703644830207,0.108187670832762,23.6705067153704,7.25948856074961e-124,0.847542069651867,0.0398625987142379,5.90058088836213
"211","BCL2L13",2973.77578718546,1.98345542904172,1.98790914792164,0.083818104056512,23.663806899097,8.50927772749288e-124,0.848057361081753,0.0241033144164737,3.9543907285087
"212","CAMK1D",2507.98189574804,3.93931433395863,3.94766254313584,0.166507828671586,23.6584331522836,9.66520422403174e-124,0.847542069651867,0.0240952445372164,15.3409331296497
"213","CNTNAP2",1958.83474372404,5.78423249950356,5.74511676975607,0.245023162801296,23.6068804000965,3.27543055066579e-123,0.809332939322037,0.0330909318428287,55.1096286060863
"214","MTMR9",960.400628574864,2.35555753816712,2.35981622767472,0.0998361303468689,23.5942391795737,4.41639138114606e-123,0.820760162425298,0.0347909414594809,5.1179197938386
"215","PRELID2",171.532466309474,3.13914680160025,3.15768299508426,0.133370308461375,23.5370738646028,1.70283268453227e-122,0.809332939322038,0.0438604888326757,8.81002920471293
"216","CKMT1B",837.172713762304,5.2150745064718,5.18769538485364,0.221569347485071,23.5369854434544,1.7063866485434e-122,0.847542069651867,0.0347909414594809,37.1444434965608
"217","CABP4",1965.82479185347,5.50746598990179,5.50914477642561,0.234079833281813,23.5281523943639,2.10142652344402e-122,0.848057361081753,0.0301442638525016,45.4896361427894
"218","EML5",566.07844195678,4.69533354544334,4.73500284241716,0.199601769420159,23.5235066256339,2.34458576931125e-122,0.809332939322038,0.0409509453295988,25.9081400976793
"219","SRRM4",1793.92946976832,5.58598827211418,5.60319558845358,0.237554627384901,23.5145420386335,2.8959895880025e-122,0.820760162425298,0.029591712577927,48.0341406420907
"220","KLHL8",1138.81739145355,2.67445642747911,2.68043864219333,0.113789175334811,23.5036102477221,3.74636680907783e-122,0.847542069651867,0.0329093534732199,6.38398130825032
"221","VSNL1",645.828954671382,6.26916680532291,6.37319957845893,0.267000136906587,23.4800134485183,6.52811966159944e-122,0.847542069651867,0.0349952067551011,77.1271451339891
"222","HPCA",659.871359028684,5.89356854548524,5.90132476331194,0.251053462161841,23.4753525991446,7.28445554851607e-122,0.812805797645415,0.0347909414594809,59.448501736383
"223","CACNA1I",433.233273087966,5.13551016031335,5.13414156014426,0.218882658211794,23.4623894020154,9.88012013835949e-122,0.847542069651867,0.0419344411992923,35.151397946865
"224","SSX2IP",2392.72340704845,3.28497315995377,3.30131005177186,0.140021430641666,23.4605027594703,1.03280981708496e-121,0.812805797645415,0.0268049736163599,9.74710077165417
"225","CDK5R2",1087.3583430612,6.18996663454613,6.20921614962769,0.263922256373054,23.4537500535635,1.21042190332012e-121,0.812805797645415,0.0336407749485604,73.0071893463548
"226","B3GAT1",1614.89039768041,4.59580066041904,4.5986020896372,0.196024282068186,23.4450579893996,1.48462474099384e-121,0.809332939322037,0.0340296839816505,24.1809774962175
"227","FAIM2",5347.20786758132,5.50347190077017,5.43156655301744,0.234742602900514,23.4447085137869,1.49686108883869e-121,0.809332939322038,0.0243160731419213,45.3638726342455
"228","HCN2",1047.56802325757,5.73777965821415,5.86802065913483,0.244839473329285,23.4348635871202,1.88617652411016e-121,0.809332939322038,0.0317162943373426,53.3634360228131
"229","MEIS1",1365.81186277928,3.1682392584234,3.17395141354612,0.135236580270621,23.4273837158812,2.24820392163033e-121,0.847542069651868,0.0382613168819121,8.98948992935015
"230","JPH4",681.437232975875,4.35852265664965,4.32544306188809,0.18627716717875,23.3980509939108,4.47335503182617e-121,0.809332939322038,0.0347909414594809,20.5137971376084
"231","EHBP1L1",537.449430021839,-3.69848370106168,-3.72225517902917,0.158365010117214,-23.3541721010484,1.24999777290317e-120,0.848057361081753,0.0419344411992923,0.0770274405574257
"232","LRTM2",146.378613615284,6.24192301496947,6.31834401404802,0.267328874101846,23.3492286829871,1.40324850835672e-120,0.809332939322038,0.0453715400545096,75.6843452431022
"233","CPNE6",1095.57243571952,5.87138080005576,5.82950236095164,0.251510168910689,23.3445066077654,1.5671161748121e-120,0.847542069651867,0.0336407749485604,58.5412156711632
"234","SYP",9694.97636190546,5.107576400219,5.08728752472342,0.219174917764756,23.3036537771217,4.07078944196681e-120,0.848057361081753,0.0272814042049343,34.4773360233298
"235","DNM3",521.599061085876,3.47851798069181,3.4855655174046,0.149328419068313,23.294413765276,5.05064233577372e-120,0.809332939322038,0.0424357230317813,11.1464931288548
"236","SHTN1",1012.54223321394,2.14285513103835,2.14835736918924,0.0921689530465458,23.2492076801198,1.449028327014e-119,0.820760162425298,0.0367249755783899,4.41635189614776
"237","KLC2",2067.51072036118,2.82713918899817,2.83904114231719,0.121615704121393,23.2464977234865,1.54343434213366e-119,0.812805797645415,0.0283086779949546,7.0966550825553
"238","RP11-96L14.7",1042.8913218883,6.07364628750593,6.13016008127599,0.261338611083379,23.2405240937328,1.77378239595309e-119,0.820760162425298,0.0367249755783899,67.3518788923058
"239","NECAP1",1478.9181225807,2.30910384400656,2.31304977467984,0.0994349450082984,23.2222569622163,2.7135792087863e-119,0.812805797645415,0.0415728803455585,4.95575148922834
"240","SCD5",2123.16407845618,2.74357274039541,2.74964576774086,0.118158261200779,23.2194745633013,2.89503615371909e-119,0.809332939322038,0.0268049736163599,6.69726818498197
"241","DNAJC27",461.867405387541,2.43828285164396,2.4394488543355,0.105017288523101,23.2179185535495,3.00174229949329e-119,0.848057361081753,0.0438604888326757,5.4199624317965
"242","TMEM140",192.929504439819,-2.86599792724164,-2.88301767926259,0.123547172729312,-23.1976002682065,4.81437887322372e-119,0.847542069651867,0.0478739736751932,0.137166689268297
"243","ZNF217",384.330262556217,-3.27543574829949,-3.28698949254895,0.141219255700214,-23.1939740232927,5.23766820402807e-119,0.847542069651867,0.0438604888326757,0.103275092086255
"244","ITPRIPL2",442.218424709442,-3.06087057016333,-3.07287073238821,0.131969000827599,-23.1938603078611,5.25152647305088e-119,0.820760162425298,0.0441981623525416,0.119835680258777
"245","MCF2L2",481.328829707127,4.25389643105075,4.25259179552378,0.183709109013666,23.1556097239267,1.27637660311135e-118,0.847542069651867,0.0398625987142379,19.0787722712035
"246","PTPRC",174.828688915671,-3.16077652700941,-3.20458171688369,0.136601760610063,-23.1386221736337,1.89263353104059e-118,0.844960632389803,0.0468306644523381,0.111817931942554
"247","KCNJ14",1779.64294255357,5.6055189680313,5.66481151101362,0.242652842476922,23.1009820895233,4.5259276830016e-118,0.812805797645415,0.0419344411992923,48.68883136013
"248","CTSC",1229.53297128767,-3.66778371189902,-3.69368622205504,0.158952414324475,-23.0747279145559,8.30707921771585e-118,0.848057361081753,0.0350338766628686,0.0786841187425985
"249","CACNA1G",1026.35975164832,5.13175054700322,5.13946761772663,0.222481027624957,23.0660142205652,1.01605494186117e-117,0.812805797645415,0.0357774663291056,35.0599138751859
"250","KLC1",4416.4819204555,2.26792485738925,2.27209951048316,0.0983580236126927,23.0578530768341,1.22690132230568e-117,0.812805797645415,0.0292756813513055,4.81629866201247
"251","HPRT1",757.39987386961,2.62771464504443,2.64009718961894,0.114065177396883,23.0369575098407,1.9877107392793e-117,0.848057361081753,0.0465076476166876,6.1804618242997
"252","KCNB1",6304.77966822291,5.37020795183164,5.35050524042002,0.233190419281377,23.0292821136521,2.37287880281835e-117,0.848057361081753,0.0292756813513055,41.3612520123107
"253","NEFH",4160.20117592885,5.76077298459793,5.7478673868874,0.250218524743476,23.0229675860485,2.74498665141651e-117,0.848057361081753,0.0292756813513055,54.2207432555347
"254","HCN1",2518.09253912266,5.43454756127395,5.41217071837556,0.236135444493348,23.0145354626211,3.33421780850367e-117,0.848057361081753,0.0292756813513055,43.2475818017276
"255","GPR137C",372.776964560283,3.89242389450393,3.91011366320556,0.16917866991704,23.0077698117183,3.89703673693868e-117,0.847542069651867,0.0453715400545096,14.8503383280012
"256","ATP8A2",1206.30961980648,4.96243874145612,4.98275246707227,0.215737543478112,23.0022028685962,4.43055556695722e-117,0.848057361081753,0.0354761929552248,31.1776166517383
"257","CEP126",573.796190755307,2.48998934280718,2.49018965929801,0.108308552604814,22.9897758110795,5.89931265432578e-117,0.847542069651867,0.0419344411992923,5.61773800455035
"258","GABRR1",541.063580640396,5.64748123684192,5.65494191306441,0.245975673510508,22.9595112241888,1.183979481173e-116,0.848057361081753,0.0444130369044762,50.1257925304064
"259","DCDC1",220.980012083634,4.23946764430735,4.26367952126921,0.184748695995015,22.9472128150866,1.57098816780407e-116,0.844960632389803,0.0478909660811112,18.8889112724755
"260","MTCL1",2456.9050177209,3.24151501168369,3.26172544348523,0.141312941411711,22.9385573557599,1.91680910199377e-116,0.848057361081753,0.0293434246098646,9.45786803221338
"261","ARHGAP32",1797.66770630825,2.79037078552026,2.79650288539057,0.121767150568743,22.9156284965785,3.24576240549949e-116,0.809332939322037,0.0371238935543969,6.91807562927083
"262","NEURL1",2152.43641676285,5.75663807017797,5.73671623140671,0.251233415542288,22.9135047889719,3.40793467101811e-116,0.820760162425298,0.0292221910488196,54.0655634386519
"263","PDE6B",9115.63905422498,4.58277997013578,4.55128945782511,0.200172220994377,22.8941855536714,5.30914880040139e-116,0.848057361081753,0.0293434246098646,23.9637198913423
"264","RNF170",774.530364977416,2.25406612480151,2.25757568689138,0.0985151305025104,22.8804054088328,7.2821167171327e-116,0.848057361081753,0.0478739736751932,4.77025412518772
"265","ELFN2",901.352600921831,5.82894525440512,5.97770191025502,0.254778861221446,22.8784492813113,7.61608020797472e-116,0.847542069651867,0.0364626724756386,56.8443578340817
"266","EPB41",3568.75217737389,3.07412768459821,3.07873681752797,0.134420578655831,22.8694721845319,9.35578212597239e-116,0.848057361081753,0.0293434246098646,8.42179456904553
"267","HMGN1",7353.81168132528,2.602633125747,2.60843164170215,0.113840427128566,22.8621166609619,1.10729468714537e-115,0.848057361081753,0.0293434246098646,6.073941972439
"268","TMEM136",1182.18595809829,3.191608282218,3.20981107300836,0.139633406371403,22.8570538036494,1.2434319729082e-115,0.847542069651867,0.0367210625195228,9.13628897038031
"269","CRB1",1437.1374294082,5.82192142470057,5.83241907727973,0.254943814270886,22.8360960290434,2.00893049691112e-115,0.847542069651868,0.0438604888326757,56.5682809553313
"270","PAK5",160.099542907124,5.29202330641096,5.3070916905066,0.231776369391634,22.8324540603576,2.18348689859349e-115,0.848057361081753,0.049237302806796,39.1793974859685
"271","TNIK",932.016853766145,3.42434037016314,3.44777530327383,0.150014423452863,22.8267408649483,2.48830647313417e-115,0.847542069651867,0.0367249755783899,10.7356703307035
"272","MAK",2855.85415899472,5.89859623519845,5.89761749354834,0.258480047459383,22.8203155066556,2.88213732804816e-115,0.809332939322038,0.0292756813513055,59.6560369537904
"273","DPF1",148.982669395166,5.30308807960245,5.44006231323042,0.232384762430395,22.8202917615602,2.88370248498772e-115,0.844960632389803,0.0487230152094203,39.4810397618226
"274","SH3GL2",1503.3894455718,6.11870204012407,6.12803921744675,0.268195066719474,22.8143720724143,3.30159279349081e-115,0.848057361081753,0.0349952067551011,69.4884858622058
"275","CLRN1",145.270275527246,5.88786345116819,5.91050251781444,0.258175262760909,22.8056839691137,4.026752967154e-115,0.848057361081753,0.0494293368374361,59.2138786280786
"276","CCSER1",133.770367882581,3.70078555854311,3.71593600928641,0.162406476219542,22.7871797029841,6.14476316233511e-115,0.848057361081753,0.0497852821650006,13.0031167114461
"277","LAMB1",2802.87207953874,-3.46126315600131,-3.47071412958057,0.151933699945507,-22.7814050289221,7.01060880611147e-115,0.820760162425298,0.0292756813513055,0.0907937527769048
"278","NRG4",138.548706156246,4.83169012641177,4.87371700201408,0.212120394479595,22.7780555390045,7.56756612018108e-115,0.844960632389803,0.0492108310066873,28.4763064381501
"279","SBK1",646.121358317209,3.38821635104993,3.3962618890947,0.14876481767668,22.7756562604322,7.99346599854023e-115,0.848057361081753,0.0479740846383924,10.4701945969658
"280","MAP2",7031.15556582511,4.84873810805012,4.86193594121757,0.213220285256134,22.7405103704158,1.78145576784924e-114,0.848057361081753,0.0301442638525016,28.8148001392732
"281","INPP5F",1196.60203205051,2.03237785715635,2.03545508312186,0.0895706566971881,22.6902194546504,5.59578055971881e-114,0.848057361081753,0.0377567380604635,4.09078540229532
"282","MAPK8IP2",1295.48978989978,4.58874452473841,4.58521234621342,0.20224048344683,22.6895448751477,5.68225742472285e-114,0.848057361081753,0.0356733882072772,24.0629985220365
"283","WIPF1",384.822503678422,-2.91164512424618,-2.93269801269501,0.128340370121809,-22.6868998545253,6.03439461001038e-114,0.820760162425298,0.0478739736751932,0.132894644849312
"284","FUT3",1436.32204470158,6.20199370150049,6.17873103360603,0.273466017961353,22.679211653921,7.18650566779243e-114,0.812805797645415,0.0453715400545096,73.618359771646
"285","VDAC1",6687.95709099706,2.13164790766689,2.13713169634557,0.094004248893198,22.676080419394,7.71642849597233e-114,0.847542069651867,0.0304084942584078,4.38217745694478
"286","DNAH2",1179.27225166164,5.07663263535724,5.10286223932575,0.224330187814363,22.630180471111,2.18706931913648e-113,0.848057361081753,0.0383925595375154,33.7457201172472
"287","COL8A1",3335.96894630275,-5.01280974534923,-5.0126190010808,0.221606863239526,-22.6202820258824,2.73724749746088e-113,0.847542069651867,0.0309573746678307,0.0309737582307822
"288","GATS",763.602538455472,2.33955972829145,2.3418133098173,0.103469077104852,22.6111974104168,3.36291544632694e-113,0.820760162425298,0.0432669530299914,5.06148151219711
"289","KDM5B",3102.74140309258,2.76403343988773,2.77588818710665,0.122243733063429,22.6108395957897,3.39028709549359e-113,0.812805797645415,0.0317162943373426,6.79292742141086
"290","ZMYND19",8091.92369074134,4.37562237086199,4.40883446712018,0.193611702625813,22.599989109742,4.33478700090033e-113,0.812805797645415,0.0317162943373426,20.7583859989084
"291","GRIA4",856.444401057565,5.24984279316379,5.25237440474097,0.232368848306009,22.5927134012827,5.11101326522948e-113,0.809332939322038,0.0419344411992923,38.0504811893064
"292","SRGAP3",1283.75102518895,2.81624884362161,2.80741626101058,0.124697392206875,22.5846651143226,6.13219550073957e-113,0.820760162425298,0.0356859933483322,7.04328686686755
"293","SYN1",1298.21739822233,4.10894094086944,4.07756161671459,0.182230117446369,22.5480891877201,1.40209621812217e-112,0.820760162425298,0.0357774663291056,17.254980531212
"294","MOAP1",1807.00686926228,2.25530350557238,2.2582360772817,0.100118926069855,22.5262454772918,2.29613947535168e-112,0.820760162425298,0.0360320044719057,4.7743472651679
"295","FAM234B",880.308415798115,2.49868741893334,2.50153874443116,0.110943617821274,22.5221375325855,2.51919403811666e-112,0.847542069651867,0.0399698222807964,5.65170991691643
"296","KCTD7",1411.68261551846,2.45672777942064,2.46216340823663,0.10911423906105,22.5151895899315,2.94675552695275e-112,0.847542069651868,0.0461413402887648,5.48970178134807
"297","SCRT2",395.600152749909,6.42498048160671,6.3825626588039,0.285655349798501,22.4920712534837,4.96282205344143e-112,0.820760162425298,0.0492108310066873,85.9234777010948
"298","DPY19L2",822.797407251884,3.24701033807912,3.26100111087009,0.144476792576951,22.474269259194,7.41131954478612e-112,0.809332939322038,0.0420118441880084,9.49396241294306
"299","SLC1A2",1586.80058102859,5.62505097838206,5.61355192188403,0.250399726854446,22.4642856006462,9.27921242532863e-112,0.848057361081753,0.0371238935543969,49.3524902782397
"300","CDKL5",697.130077544853,2.73294292517494,2.73669000666489,0.121699736202511,22.4564408309584,1.1070910053236e-111,0.820760162425298,0.0438604888326757,6.64810388021995
"301","SEZ6",1086.55680833593,5.54651192059432,5.55182343341403,0.247001067852039,22.455416767335,1.13289644993751e-111,0.820760162425298,0.0438604888326757,46.7376055987728
"302","SNCB",4770.7051929502,6.43829882091757,6.37771455417194,0.286966487181621,22.4357167422229,1.76443414621016e-111,0.809332939322038,0.0313628324592328,86.7203588160245
"303","DOC2B",1804.86753752625,4.32756163300961,4.31238638018684,0.192961931188445,22.4270228140666,2.14520005287911e-111,0.847542069651868,0.0463026530915412,20.0782501001664
"304","ABCG4",2153.9359430722,5.62723590983596,5.60824956632107,0.25112824527095,22.4078175824649,3.30229570148281e-111,0.812805797645415,0.0330909318428287,49.427290219339
"305","FAIM",727.085433219587,3.74917578094998,3.77210602124283,0.167447430286829,22.3901661227516,4.90756421702575e-111,0.847542069651867,0.0438604888326757,13.4466583046062
"306","CD302",562.506939076217,-4.85138296907012,-4.94602312197819,0.216764760402993,-22.3808655984985,6.04594980711359e-111,0.848057361081753,0.0479740846383924,0.0346408233492535
"307","SMPD3",762.943902145402,3.99985489669738,4.027245230728,0.178846170733396,22.3647779557994,8.67140458929242e-111,0.847542069651867,0.0438604888326757,15.998390833803
"308","CAMKV",400.163421640125,6.22816775364054,6.23068792800754,0.278528954631465,22.3609346535671,9.45127052300591e-111,0.812805797645415,0.0492108310066873,74.9661680045381
"309","VASH1",3608.87293781756,3.36157420578335,3.36794182448585,0.150421501434472,22.3476974616408,1.27132830781669e-110,0.809332939322038,0.0317162943373426,10.2786166410611
"310","TNFRSF1A",1115.01987633987,-3.29868717090598,-3.31902112476738,0.147679783453867,-22.3367551993766,1.62421493117302e-110,0.848057361081753,0.0419344411992923,0.101623983658683
"311","TRIM37",1168.85650523743,2.47024558176944,2.48080827173962,0.110742611046424,22.3061887238138,3.21773353386506e-110,0.809332939322038,0.0404719024028545,5.54138106993894
"312","CPLX2",2289.77037252211,6.31595180527528,6.1922802505207,0.283196886252371,22.3023349192011,3.50715652707215e-110,0.820760162425298,0.0317814576171276,79.6692895847246
"313","DGKD",1144.14346516557,2.55089234632499,2.5571910548417,0.114384704804185,22.3009916464955,3.61402753325861e-110,0.847542069651867,0.0419344411992923,5.85996621238161
"314","TFAP2B",699.169318044763,5.9963500233347,5.93165533604285,0.268928884203347,22.2971587492277,3.9371774229871e-110,0.820760162425298,0.0454813735746985,63.8382865052676
"315","WDR62",1109.28147382549,4.6956120945728,4.76901148698859,0.210859771349012,22.2688854518422,7.40194167260202e-110,0.820760162425298,0.0453715400545096,25.9131428088508
"316","SLC24A4",1127.90715138043,4.76633536795161,4.76941773855857,0.214095143751984,22.2626972495607,8.49777520774419e-110,0.809332939322038,0.0409277584043773,27.2150987909734
"317","GLMP",478.249023059573,-2.63389178679561,-2.64186722982236,0.118312214466561,-22.2622135733926,8.58995800695936e-110,0.848057361081753,0.049237302806796,0.161108912762801
"318","EFR3A",3088.95350106499,2.75338034953972,2.76351177118274,0.123690870093759,22.2601744773291,8.98968485830702e-110,0.847542069651867,0.0333427136534288,6.74295210154049
"319","TRPV1",595.266795422529,3.04579644083819,3.05311351001378,0.136986447638117,22.2342902772718,1.60079973498702e-109,0.847542069651867,0.0468306644523381,8.2580230238531
"320","CA10",824.477602005252,6.28239271118567,6.25187774082679,0.282555289049654,22.2342067363731,1.60378193603133e-109,0.809332939322038,0.0438604888326757,77.8374591143172
"321","SCRT1",1365.87023083727,6.61278724744622,6.5779576429557,0.29751225018381,22.2269410532194,1.8855326987094e-109,0.820760162425298,0.038676367652204,97.8694880210919
"322","SARM1",1111.91684163772,2.88898518727774,2.90595553213584,0.130103604312752,22.2052663532134,3.05478581042876e-109,0.848057361081753,0.0422503824186881,7.40749212416817
"323","PURB",1691.32945394433,1.75865989299105,1.76127891544106,0.0792111608184395,22.2021729617382,3.27243067739975e-109,0.812805797645415,0.0479740846383924,3.38383657247061
"324","NAP1L3",850.464075141861,3.07730474313943,3.06063776059746,0.138712565838995,22.1847582771362,4.82015825799216e-109,0.812805797645415,0.0453642028687103,8.44036122135561
"325","KIF21A",2468.20980571335,2.96591104234731,2.97704948031976,0.13376338762812,22.1728164555232,6.28520306231319e-109,0.809332939322038,0.0330909318428287,7.81318644993812
"326","OSBP2",4395.37022017406,4.50367482921092,4.53389981272193,0.203206793141056,22.1630131532301,7.81431546954201e-109,0.809332939322038,0.0330909318428287,22.685126966268
"327","WNK2",3745.99354907399,3.21760221016122,3.18386384574625,0.14519076442943,22.1612044182407,8.13457938212802e-109,0.820760162425298,0.0330909318428287,9.30239505814112
"328","CDS2",2966.73245937175,2.00421889502227,2.00721273915537,0.0905085291100918,22.143978194413,1.1923413762973e-108,0.847542069651867,0.0340318553047731,4.01171438068165
"329","SNPH",1355.22672697349,4.31896872797038,4.36019787326205,0.19513387182795,22.1333625347138,1.50894854199805e-108,0.809332939322037,0.0438604888326757,19.9590165119155
"330","WDR7",939.56840486756,1.96611665361686,1.9685922460967,0.0890543194555375,22.0777236369595,5.17504429970223e-108,0.809332939322038,0.0419344411992923,3.90715002790453
"331","SEMA7A",2369.96420514457,4.59983432054264,4.67621745042016,0.208451382135588,22.0667009900211,6.60376184891804e-108,0.812805797645415,0.0349952067551011,24.2486801797974
"332","ATP2B1",1813.8622807225,2.81009630283228,2.8228130922814,0.127350810893853,22.0657904186766,6.73806945140523e-108,0.820760162425298,0.0405772799975977,7.01331390789074
"333","GPR12",486.818967642538,6.27920021557883,6.34780436903338,0.284572949339754,22.0653446863006,6.80480451096853e-108,0.847542069651867,0.0478739736751932,77.6654054247844
"334","TOX3",499.911912093385,3.93222887871017,3.89139188484828,0.178214814606487,22.0645454610092,6.92612050518459e-108,0.847542069651867,0.0478739736751932,15.2657744803768
"335","WDR47",880.501479585524,2.89071355444381,2.90345051344329,0.131033571826093,22.0608620688471,7.51372769617196e-108,0.812805797645415,0.0442059825578765,7.41637171262564
"336","TLN1",5072.83714511992,-2.31779222916576,-2.32182699829886,0.105077992844175,-22.0578273949611,8.03503723523303e-108,0.820760162425298,0.0336140921736448,0.200574175352108
"337","HMP19",1073.31556493056,5.22628442260243,5.16758239468021,0.237242958533289,22.0292499086715,1.51053907927615e-107,0.848057361081753,0.0438604888326757,37.4341845491214
"338","IMPDH1",4424.11020202774,3.70208312909737,3.71826497756186,0.168282890831146,21.9991652794462,2.93326719297525e-107,0.820760162425298,0.0340296839816505,13.0148170713719
"339","TMEM237",2427.24773056003,3.40343913137387,3.42008454879341,0.154830649134854,21.9816887056358,4.31124052415006e-107,0.847542069651867,0.0349952067551011,10.5812571023477
"340","KIFAP3",1423.752934118,2.0545041206629,2.0571841396523,0.0935068780156351,21.9716898292698,5.37318583448023e-107,0.847542069651868,0.0493878774936515,4.15400836297564
"341","SDCBP",2723.34817734353,-2.99982709351007,-3.01750867920333,0.136752308739086,-21.9362080331201,1.17281987644121e-106,0.812805797645415,0.0356733882072772,0.125014982103532
"342","MPZL1",1084.67711277816,-2.20916785560933,-2.21727101268682,0.10078014078261,-21.9206664969307,1.65023618892879e-106,0.848057361081753,0.0442059825578765,0.216259009740261
"343","ARFGEF1",1776.53493598691,2.01661082856721,2.02053869354752,0.0920248668272243,21.9137598140008,1.92054210363922e-106,0.820760162425298,0.0419344411992923,4.04632114927738
"344","POLR3A",882.359451611595,1.5773656744057,1.58026038091024,0.072019556584556,21.9019076096889,2.49129432532118e-106,0.812805797645415,0.0459008473438843,2.98424436255814
"345","CALB2",1164.42349579295,5.2147248746527,5.21319342078623,0.238202852912034,21.8919497012844,3.0996923977686e-106,0.847542069651867,0.0448376780574709,37.1354427684462
"346","ARHGAP33",1245.9368121496,3.09153301067224,3.1001360044411,0.141260504832435,21.8853317446335,3.58393748794947e-106,0.848057361081753,0.0424357230317813,8.52401428384148
"347","STOM",2064.4065205249,-3.85639139050408,-3.93663408671181,0.176277708809508,-21.876795520819,4.32162814130995e-106,0.820760162425298,0.0347909414594809,0.0690415473931458
"348","NECTIN1",1473.27181943924,2.70603841418561,2.71478356068295,0.123762122095459,21.8648352853745,5.61677082610233e-106,0.820760162425298,0.0419344411992923,6.52527369080245
"349","CPLX3",3321.1040864788,6.38983833704146,6.36671110110829,0.292638239719914,21.8352814832307,1.07279896439607e-105,0.847542069651867,0.0356733882072772,83.8557807582986
"350","SYT2",889.512186866124,5.95192748131388,6.01205753128398,0.272622889139314,21.8320901084441,1.1503843714577e-105,0.812805797645415,0.0462722097932221,61.9025734147282
"351","TTLL5",940.767677398167,1.98858638503777,1.99418528745302,0.0911341344503821,21.8204342097576,1.48443263473677e-105,0.812805797645415,0.0462722097932221,3.9684795882316
"352","RAX",1346.59122552235,6.23524920353287,6.24096359987253,0.285861849089901,21.8121068739464,1.78083821662602e-105,0.809332939322037,0.0462732925222588,75.3350430362008
"353","ATP6V1B2",4407.43041884865,1.94016567420077,1.94338454267803,0.0889647517218575,21.8082514327312,1.93740231385101e-105,0.809332939322038,0.0350338766628686,3.83749713714216
"354","VPS37A",1176.64554956949,1.79067220483066,1.79270508358767,0.0821298964497563,21.8029278281889,2.1764073690013e-105,0.812805797645415,0.0462722097932221,3.45976057979859
"355","ESRRG",941.462948030268,4.49132309623945,4.47806007300811,0.206224202460888,21.7788360563124,3.68310983635333e-105,0.812805797645415,0.0462732925222588,22.4917357365709
"356","YPEL2",1842.75726051085,3.467177946876,3.46896894966171,0.159249283583455,21.772015979331,4.27412513463773e-105,0.848057361081753,0.0437453499981598,11.0592216498343
"357","SYT7",1201.16760327166,4.52049931750688,4.53252024412397,0.207827096275404,21.7512509125205,6.72217272494674e-105,0.820760162425298,0.0479740846383924,22.951226025109
"358","KBTBD11",1196.93619957325,2.4729624747819,2.47397341157616,0.113744404631492,21.7413989091928,8.33203259984772e-105,0.820760162425298,0.0479740846383924,5.55182646840682
"359","SPTBN4",1467.43858225519,4.00260989556961,4.0007832713887,0.184161298898139,21.7342618645597,9.73354581068918e-105,0.820760162425298,0.0432140476646467,16.0289708649413
"360","GPR162",1008.1921351364,3.96244612470207,3.99332346262999,0.182323953165772,21.7329980833584,1.00051774922621e-104,0.848057361081753,0.046032195914223,15.5888881045453
"361","GSKIP",776.342891684666,2.85438419199452,2.86674248802955,0.131392811034435,21.7240514874626,1.21570476750267e-104,0.847542069651867,0.0479740846383924,7.23194743675666
"362","TNR",913.752176152128,5.50703071042559,5.50850795012494,0.253587660336815,21.7164774623148,1.43358892577808e-104,0.820760162425298,0.0484259751321009,45.4759134102163
"363","SCAPER",1352.53819649646,3.1492619057303,3.15751152963454,0.145064443487456,21.7093991471634,1.67229458341853e-104,0.809332939322037,0.047005513956873,8.87201562142086
"364","PPP3R1",2182.36416501622,2.30101870941671,2.3058747357362,0.106011995297808,21.7052674365077,1.82955843123596e-104,0.820760162425298,0.0354761929552248,4.92805620227137
"365","VAMP3",1094.4066777136,-1.9404154193712,-1.94466897001289,0.0894183896236844,-21.7004066785077,2.03356398209574e-104,0.848057361081753,0.0462538302341715,0.260541407352434
"366","JARID2",1042.04639447323,2.25892179473235,2.26344542203729,0.10410160310195,21.6992027732764,2.08750519245933e-104,0.847542069651867,0.0462722097932221,4.78633638931246
"367","SCG3",1531.44485424626,5.17367235668155,5.1554961239269,0.238442085866758,21.6978153746424,2.15144093083067e-104,0.809332939322037,0.0471500619505774,36.0936304222748
"368","NEUROD1",2646.54429709473,6.43824504495379,6.32754708573254,0.296881067954028,21.6862768964128,2.76477900244699e-104,0.812805797645415,0.0373219911376867,86.71712640458
"369","PDE6G",31712.8945140309,5.57775761548304,5.54893112084171,0.257219497740706,21.6848165262565,2.85392913832572e-104,0.847542069651867,0.0367249755783899,47.7608833740006
"370","SLC9A7",665.100829411166,2.56171862284074,2.5830260783952,0.118161582730076,21.6797927351112,3.18309751663419e-104,0.809332939322038,0.0478739736751932,5.90410599848513
"371","LRRC39",967.952665077632,4.45651896505713,4.46219489017807,0.205570219430622,21.6788160143068,3.25136294322302e-104,0.847542069651867,0.0462722097932221,21.955629057691
"372","ATP9A",1830.43167404996,1.92616834910725,1.92902376546583,0.0888702383929279,21.6739415122412,3.61452249753929e-104,0.848057361081753,0.0438604888326757,3.8004449822454
"373","RPGRIP1",2593.52782888851,5.78298206840498,5.72835850048643,0.26797224174852,21.5805265152503,2.73733198890316e-103,0.809332939322038,0.0364626724756386,55.0618839778093
"374","CYFIP2",2560.17512538724,2.4081923218198,2.41511685585496,0.111619603269611,21.5749944568692,3.08517517396465e-103,0.848057361081753,0.0377567380604635,5.30808812226602
"375","PNMA1",1950.82322991033,1.90572718679185,1.91124962537805,0.0884004002030165,21.5579022540083,4.46386826190701e-103,0.809332939322037,0.0478739736751932,3.74697716821088
"376","PDXP",942.738761522196,2.66110379200359,2.67244810306769,0.123572340348686,21.5347850861667,7.35348600965544e-103,0.809332939322038,0.0462538302341715,6.32516796887391
"377","MAGI3",1174.63140428309,2.60844783724917,2.60980441589207,0.121545140934276,21.4607331662863,3.62541810438394e-102,0.812805797645415,0.0479740846383924,6.09847209775407
"378","FSTL5",1835.18683172529,6.41379205982925,6.37779248703468,0.299125664968782,21.4417979162658,5.44682903965376e-102,0.848057361081753,0.046032195914223,85.259699171819
"379","LHX4",929.092653907773,4.43851020712725,4.45829301900319,0.20776906010119,21.362710140603,2.97066112190495e-101,0.847542069651867,0.0479740846383924,21.6832665415357
"380","SLC4A3",1468.52628101024,3.63576645247,3.67572039321254,0.170192953964616,21.3626144195481,2.97675519315214e-101,0.848057361081753,0.0462722097932221,12.4301039174891
"381","MAP6",2281.21333474435,3.19829723498389,3.1936355502374,0.149817188543498,21.3479992921859,4.06992994072063e-101,0.809332939322038,0.0383925595375154,9.17874707416439
"382","ARPC1B",1096.91540424031,-3.73885404541244,-3.75975375178869,0.175409382636257,-21.3150174136672,8.23767742793008e-101,0.812805797645415,0.049237302806796,0.0749018911257522
"383","RGS8",1179.4066065006,6.39703340730117,6.34340830909108,0.300204729539588,21.308902818127,9.3869282930552e-101,0.812805797645415,0.0492695446859191,84.2750344767798
"384","PHACTR2",1076.71805167688,-2.98336571968235,-3.00277524753983,0.140162667998284,-21.2850237676617,1.56267740315571e-100,0.809332939322038,0.0478739736751932,0.126449591401403
"385","CLASP1",2846.63907881375,1.97314411688906,1.97475793114687,0.0927903188859698,21.2645472133129,2.41812684351136e-100,0.812805797645415,0.0419344411992923,3.92622844333447
"386","DNAJC5",3457.42974890338,2.56207958674457,2.57047490527463,0.120505383417747,21.2611214045335,2.60126021463309e-100,0.809332939322038,0.03936990558656,5.90558339718835
"387","AP3M2",886.737666093355,1.98487631794471,1.98869308854094,0.0934316521579563,21.2441530477173,3.73375067862956e-100,0.809332939322038,0.0478739736751932,3.95828726766986
"388","POU2F1",1100.29920355541,2.0130470265318,2.01406316619965,0.094940864765318,21.2031671662966,8.92812449305132e-100,0.848057361081753,0.0492108310066873,4.03633810295411
"389","GRAMD1B",4000.47633544973,3.87273511808505,3.88610668963325,0.182662656782953,21.2015700761803,9.23631907325915e-100,0.812805797645415,0.0419344411992923,14.6490491388126
"390","TSKU",1020.41401309777,-3.31337925479705,-3.34066842651419,0.156329223343051,-21.1948808030992,1.06467887989928e-99,0.809332939322038,0.0479740846383924,0.100594319552829
"391","GBA2",3138.31756914216,2.02391735961633,2.02818103854815,0.0957885325147612,21.1290152013179,4.30430800148893e-99,0.848057361081753,0.0419344411992923,4.06686572850054
"392","SUGP2",3397.10318046798,1.71655302855588,1.71973255793416,0.0812918497095688,21.1159302524005,5.67811659459859e-99,0.848057361081753,0.0419344411992923,3.28650237713829
"393","GUCA1B",2823.18251650228,6.31109506318396,6.28042842174153,0.299397730371165,21.0793016211581,1.23187787087284e-98,0.848057361081753,0.0420118441880084,79.401538869382
"394","ESRRB",1672.65030649082,6.0508442071591,5.96119818169517,0.287929743579153,21.0150022430583,4.78219615460702e-98,0.848057361081753,0.0479740846383924,66.295737379064
"395","SEZ6L2",2811.61557132937,3.74457373465119,3.79424437738959,0.178313482655953,20.9999472775492,6.5658379064793e-98,0.847542069651867,0.0424357230317813,13.4038332110075
"396","ATXN7L3B",3041.44378527101,1.64967056947303,1.65132883379498,0.0785677472522547,20.9967910137031,7.01679219350123e-98,0.812805797645415,0.0437453499981598,3.13761985361276
"397","CERS2",1619.07522784146,-1.82770161256409,-1.82929929696332,0.0870968023541635,-20.9847154334331,9.04628689256923e-98,0.820760162425298,0.0478739736751932,0.281713066801525
"398","CNGB1",14773.0325554254,6.15326074463458,6.05407721754405,0.294124751926299,20.9205811627049,3.47849329775459e-97,0.847542069651867,0.0435070586967096,71.1731283519725
"399","ARHGEF9",2763.13945796939,2.475392278116,2.479309312079,0.118397847854735,20.9074094079237,4.58458787130528e-97,0.820760162425298,0.0419344411992923,5.56118479593753
"400","RP1L1",3065.39804391378,6.33667910948799,6.25193156999806,0.304174889072977,20.8323544681813,2.20357900267089e-96,0.847542069651867,0.0438604888326757,80.8221659407204
"401","PROM1",5497.53755398997,6.06825860568456,6.01535344480192,0.291334156668614,20.8292040832928,2.35339361515066e-96,0.820760162425298,0.0424357230317813,67.1008252989248
"402","IQGAP1",2220.22347247399,-2.57163402617988,-2.57955007484194,0.123587655656954,-20.8081787174444,3.6494785748858e-96,0.848057361081753,0.0438604888326757,0.168213567014948
"403","TSPAN7",3973.5146327217,3.77245910220888,3.75325580064901,0.18157238167087,20.7766129820729,7.04573706115026e-96,0.820760162425298,0.0432140476646467,13.6654314258065
"404","H2AFY",2745.93660674999,1.40895452745652,1.41014294293385,0.067920679443419,20.744117093679,1.38544623434231e-95,0.809332939322038,0.0437453499981598,2.65544661798491
"405","C1S",4032.71953433475,-4.59145873026421,-4.68580323513551,0.221434270177003,-20.7350864281037,1.67154461109469e-95,0.848057361081753,0.0444130369044762,0.0414794699752989
"406","PKM",49031.3258028618,2.65672939310177,2.67595248416904,0.128188639587169,20.7251547536331,2.05465883049867e-95,0.812805797645415,0.0453715400545096,6.30601845905336
"407","MOK",2880.10827080321,3.67984047986386,3.70412505544426,0.178081299286961,20.6638231785032,7.33227185610237e-95,0.809332939322038,0.0438604888326757,12.8157009190865
"408","NREP",3300.56955902008,2.65193606205721,2.66947120983829,0.128738597992399,20.5993859138794,2.77945038306159e-94,0.820760162425298,0.0438604888326757,6.28510158149224
"409","CNGA1",3135.57364489564,6.10152786239666,6.11242190216609,0.296566124150131,20.5739205038397,4.70079661225419e-94,0.847542069651867,0.0459008473438843,68.6661828984322
"410","TERF2IP",3620.80740247143,1.68792500227322,1.68741467439919,0.0820906971655233,20.5617087021417,6.04658118409642e-94,0.809332939322038,0.0444130369044762,3.22192966955821
"411","INA",4257.7588376048,6.2632536893509,6.14718157646199,0.304886427378939,20.5429075449344,8.9067615161057e-94,0.812805797645415,0.0462982852465028,76.8116741609136
"412","GRK1",4007.5820697011,6.38081064406713,6.273862472736,0.310734331904838,20.5346174816024,1.05642968053754e-93,0.847542069651867,0.0460443256484689,83.3326898714747
"413","VAT1",2267.05034872076,-2.85929216644961,-2.87127631609997,0.140214693772009,-20.392243419929,1.95951361747221e-92,0.848057361081753,0.0468377644602899,0.137805734918631
"414","OVOS2",4744.35926878731,4.79207706920954,4.7507661868268,0.235089142107455,20.3840850591865,2.31504363484888e-92,0.812805797645415,0.0478739736751932,27.7050500693314
"415","CD164",2769.18782926359,-2.08219303879759,-2.0893385157583,0.102234884418469,-20.3667569112195,3.29808910305838e-92,0.820760162425298,0.046032195914223,0.236155159559783
"416","PLEKHB2",2899.25892576877,1.56579656223625,1.56869950456698,0.0769334924549101,20.3525995281437,4.40295124443372e-92,0.847542069651867,0.0468377644602899,2.96040911243115
"417","VAMP2",9290.97695818573,2.46603788942876,2.46436272658846,0.121242316741415,20.3397456903459,5.72263976921156e-92,0.847542069651867,0.0469945491896073,5.52524289985192
"418","PLTP",2666.37601381763,-4.51332799307616,-4.60497371033696,0.222304146590272,-20.3024912593946,1.22228410149087e-91,0.820760162425298,0.0462722097932221,0.0437877766115694
"419","GUCA1A",11749.4531355715,6.39003320180699,6.19726076856468,0.314810225678743,20.29804841323,1.33793864603571e-91,0.812805797645415,0.0478739736751932,83.8671079204506
"420","MSI2",3878.29296990173,2.11593894735858,2.11596049756961,0.104246100784772,20.297535652937,1.35197048690632e-91,0.812805797645415,0.0478739736751932,4.33472042477758
"421","TUBB3",3882.97272632316,4.85611852857779,4.99082263859667,0.239594881700139,20.2680395095225,2.4627396751603e-91,0.809332939322038,0.046419958845363,28.9625862154118
"422","SLC17A7",7462.17995963559,6.36538444562847,6.21145188268769,0.314097192386656,20.2656521609166,2.58512968387908e-91,0.820760162425298,0.0462732925222588,82.4463914619418
"423","VSX2",2870.1873653726,6.56442997276999,6.4056523373933,0.323953168233227,20.2635152746646,2.69981628141177e-91,0.847542069651867,0.0478739736751932,94.6433983883216
"424","IMPG2",9044.56687588371,6.52522920881495,6.43372691021601,0.322276340090789,20.2473107612452,3.75169971565556e-91,0.812805797645415,0.0479740846383924,92.1063814005325
"425","CACNA2D4",4210.8692976473,5.09382076153348,5.03264993637713,0.251642189566377,20.2423161645152,4.15191301041185e-91,0.809332939322038,0.0467246293102694,34.1501677833866
"426","PITPNM1",3494.71154320041,3.06362374778279,3.07532211674296,0.151578081872129,20.2115220745915,7.75202298027611e-91,0.809332939322038,0.0468377644602899,8.36070006206514
"427","WDTC1",2840.59559493255,2.12362299136528,2.12844986355534,0.105165217829962,20.1932067957953,1.12331359550228e-90,0.848057361081753,0.0478753652877167,4.35786949081326
"428","AIPL1",18742.1446254147,6.40287403152492,6.24552503326743,0.317136496528616,20.1896473651281,1.20722978314006e-90,0.847542069651867,0.0478739736751932,84.6169061073538
"429","EFEMP1",5868.3380158354,-3.91742768138459,-3.95431935955679,0.194043830066142,-20.188365072207,1.23896917784094e-90,0.812805797645415,0.0479740846383924,0.0661815237517819
"430","NBEA",2277.30415066325,2.42755452547149,2.4337813151959,0.120570319876794,20.1339312025722,3.72257581262896e-90,0.848057361081753,0.0479740846383924,5.37980740381815
"431","ANP32A",2664.66347365159,1.50806561764652,1.50964556122065,0.0749462822827166,20.1219536408452,4.74025861114083e-90,0.820760162425298,0.047428357411711,2.84428418391901
"432","ADD1",11926.6811251007,2.08653465927137,2.08725056080783,0.103823904794715,20.0968617333065,7.86102311615344e-90,0.809332939322038,0.0478739736751932,4.24726657082544
"433","NT5C2",2487.0354000274,1.68675178315109,1.68924393142247,0.0839542165766552,20.0913289639358,8.78782074380019e-90,0.809332939322038,0.0478739736751932,3.21931061783739
"434","NRL",12103.6774906171,5.83495708723115,5.78294030121846,0.291110623996267,20.0437792586572,2.28723989768277e-89,0.820760162425298,0.0478739736751932,57.0817273293753
"435","ESPN",4622.20659523043,4.80942062183747,4.7716488097927,0.240149233727313,20.026799782749,3.21677025297799e-89,0.809332939322038,0.0478739736751932,28.0401200671757
"436","PFN2",3061.47125027429,1.41237400269887,1.41640220462774,0.070659635526178,19.9884133590756,6.94698265985862e-89,0.848057361081753,0.049237302806796,2.66174802140034
"437","B2M",6640.92336356892,-3.5419948796676,-3.57327949951957,0.177630872018334,-19.9401986795518,1.82339111129641e-88,0.820760162425298,0.0479740846383924,0.0858525692919389
"438","NPC2",3273.88510805464,-3.25845172930531,-3.27776838089631,0.163515243866088,-19.9275104403956,2.34962768167061e-88,0.809332939322038,0.0479740846383924,0.104498074962477
"439","EPB41L1",2808.96149297046,2.42238792183991,2.42924588815659,0.121561630838873,19.9272410638414,2.36230609484386e-88,0.809332939322038,0.0479740846383924,5.36057560465871
"440","NOL4L",2406.84892953658,2.43676009861151,2.43734909163458,0.122373040720041,19.9125565914981,3.16731748576877e-88,0.809332939322038,0.0479740846383924,5.41424472299459
"441","CADPS",2846.64833286666,5.59313252368237,5.53389378674301,0.281114103267799,19.8963070819473,4.38037602984821e-88,0.847542069651867,0.0499193191505734,48.2725964946039
"442","EZR",3923.47161618235,-3.03606227402432,-3.04948804254511,0.1526591275939,-19.8878529038943,5.18478636906099e-88,0.820760162425298,0.0479740846383924,0.121914170144374
"443","TUB",3023.14107971768,2.94131764624687,2.91962179729826,0.148564380259117,19.7982695523435,3.08096676084608e-87,0.820760162425298,0.0492108310066873,7.68112509847538
